{"swagger":"2.0","info":{"title":"Bitcoin Price API","description":"Get current Bitcoin price in USD","version":"1.0"},"host":"api.coindesk.com","basePath":"/v1/bpi","schemes":["https"],"consumes":[],"produces":[],"paths":{"/currentprice.json":{"get":{"summary":"Get Bitcoin Price","operationId":"getPrice","responses":{"200":{"description":"Successful response","schema":{"type":"object","properties":{"bpi":{"type":"object","properties":{"USD":{"type":"object","properties":{"rate_float":{"type":"number"}}}}}}}}}}}},"definitions":{},"parameters":{},"responses":{},"securityDefinitions":{},"security":[],"tags":[]}